{
  "labels": [
    "cardboard",
    "glass",
    "metal",
    "paper",
    "plastic",
    "trash",
    "unknown"
  ],
  "unknown_class_id": 6,
  "unknown_proba_threshold": 0.5,
  "coverage": 0.9750889679715302,
  "rejected": 14,
  "report": {
    "cardboard": {
      "precision": 0.9305555555555556,
      "recall": 0.8933333333333333,
      "f1-score": 0.9115646258503401,
      "support": 75.0
    },
    "glass": {
      "precision": 0.8706896551724138,
      "recall": 0.8706896551724138,
      "f1-score": 0.8706896551724138,
      "support": 116.0
    },
    "metal": {
      "precision": 0.8541666666666666,
      "recall": 0.8631578947368421,
      "f1-score": 0.8586387434554974,
      "support": 95.0
    },
    "paper": {
      "precision": 0.9398496240601504,
      "recall": 0.9259259259259259,
      "f1-score": 0.9328358208955224,
      "support": 135.0
    },
    "plastic": {
      "precision": 0.8712871287128713,
      "recall": 0.8073394495412844,
      "f1-score": 0.8380952380952381,
      "support": 109.0
    },
    "trash": {
      "precision": 0.7,
      "recall": 0.65625,
      "f1-score": 0.6774193548387096,
      "support": 32.0
    },
    "unknown": {
      "precision": 0.0,
      "recall": 0.0,
      "f1-score": 0.0,
      "support": 0.0
    },
    "accuracy": 0.8612099644128114,
    "macro avg": {
      "precision": 0.7380783757382369,
      "recall": 0.7166708941014,
      "f1-score": 0.7270347769011032,
      "support": 562.0
    },
    "weighted avg": {
      "precision": 0.8828959008502193,
      "recall": 0.8612099644128114,
      "f1-score": 0.871709366005628,
      "support": 562.0
    }
  }
}